{
"title":"AngularJS Exercise",
"description":"This AngularJS exercise showcases how to read online json file. Based on the categories filter the content for each menu item and display in the tabular form. The candidate must make use of third party apis as parsers, and efficient components to support different functionalities expected in this exercise.",
"rows":[
	{
	"category":"Companies",  
	"title":"Google",
	"url":"http://www.google.com",
	"description":"Google is an American multinational technology company specializing in Internet-related services and products. These include online advertising technologies, search, cloud computing, software, and hardware. Google was founded in 1998 by Larry Page and Sergey Brin while they were Ph.D. students at Stanford University, in California. Together, they own about 14 percent of its shares, and control 56 percent of the stockholder voting power through supervoting stock. They incorporated Google as a privately held company on September 4, 1998. An initial public offering (IPO) took place on August 19, 2004, and Google moved to its new headquarters in Mountain View, California, nicknamed the Googleplex. In August 2015, Google announced plans to reorganize its various interests as a conglomerate called Alphabet Inc. Google, Alphabet's leading subsidiary, will continue to be the umbrella company for Alphabet's Internet interests. Upon completion of the restructure, Sundar Pichai became CEO of Google, replacing Larry Page, who became CEO of Alphabet.",
	"imageHref":"https://dl.dropboxusercontent.com/s/2knt3j3lqm43cll/Google.jpg?dl=0"
	},
	{
	"category":"Companies",  
	"title":"DELL",
	"url":"www.dell.com/in/en",
	"description":"Dell Inc. (stylized as DELL) is a multinational computer technology company based in Round Rock, Texas and, along with Dell EMC, is a subsidiary of Dell Technologies, one of the largest technology companies in the world with 138,000 employees.[4] Dell manufactures, sells, repairs, and supports personal computers (PCs), servers, data storage devices, network switches, computer software, computer peripherals, high-definition televisions, cameras, printers, and electronics built by other manufacturers. The company is well known for its innovations in supply chain management and e-commerce, particularly its direct-sales model",
	"imageHref":"https://dl.dropboxusercontent.com/s/qe282y489c4zw83/DELL.png?dl=0"
	},
	{
	"category":"Companies",  
	"title":"Infosys",
	"url":"www.Infosys.com",
	"description":"Co-founded in 1981 by 7 Engineers N. R. Narayana Murthy, Nandan Nilekani, S. Gopalakrishnan, S. D. Shibulal, K. Dinesh and Ashok Arora after they resigned from Patni Computer Systems.[9][10] The company was incorporated as Infosys Consultants Pvt Ltd. with a capital of ?10,000 or US$250 (equivalent to about $659 in 2016) or (?6,41,800 in 2017) in Model Colony, Pune as the registered office.[11] It signed its first client, Data Basics Corporation, in New York City.[12] In 1983, the company's corporate headquarters was relocated from Pune to Bengaluru",
	"imageHref":"https://dl.dropboxusercontent.com/s/kmwpe53nlkb2sfg/Infosys.png?dl=0"
	},
	{
	"category":"Companies",  
	"title":"Microsoft",
	"url":"https://www.microsoft.com/en-in/",
	"description":"Microsoft Corporation  is an American multinational technology company headquartered in Redmond, Washington. It develops, manufactures, licenses, supports and sells computer software, consumer electronics, personal computers, and services. Its best known software products are the Microsoft Windows line of operating systems, the Microsoft Office suite, and the Internet Explorer and Edge web browsers. Its flagship hardware products are the Xbox video game consoles and the Microsoft Surface tablet lineup. As of 2016, it is the world's largest software maker by revenue,[7] and one of the world's most valuable companies.",
	"imageHref":"https://dl.dropboxusercontent.com/s/02wqavlmccirhro/Microsoft.png?dl=0"
	},
	{
	"category":"Companies",  
	"title":"NewFirm",
	"url":"newfirm.com",
	"description":"Lorem ipsum dolor sit amet, consectetur adipiscing elit. In blandit erat id ipsum dictum, eu elementum est bibendum. Suspendisse in nulla scelerisque, auctor nibh sit amet, semper nulla. Nullam interdum malesuada tortor, nec tempor nisl facilisis tincidunt. Donec faucibus lobortis pulvinar. Vestibulum rutrum porta mauris, et efficitur erat vulputate quis. Vivamus luctus, tortor sodales pulvinar posuere, ante purus dignissim mi, nec venenatis libero dolor vitae dolor. Integer vel lacus purus.Pellentesque elit sem, condimentum vitae porttitor in, rhoncus quis metus. Vivamus efficitur elementum nibh. Sed consequat orci mauris, a varius tellus suscipit in. Aenean tincidunt feugiat rhoncus. Maecenas maximus condimentum ligula ut venenatis. Suspendisse aliquet nibh non sapien finibus feugiat. Cras sit amet tellus ex. Etiam tincidunt sapien nec leo iaculis elementum. Donec sit amet arcu fermentum nisl euismod fringilla.",
	"imageHref":"avtar.png"
	},
	{
	"category":"Technologies",  
	"title":"HTML5",
	"url":"https://en.wikipedia.org/wiki/HTML5",
	"description":"The Web Hypertext Application Technology Working Group (WHATWG) began work on the new standard in 2004. At that time, HTML 4.01 had not been updated since 2000,[8] and the World Wide Web Consortium (W3C) was focusing future developments on XHTML 2.0. In 2009, the W3C allowed the XHTML 2.0 Working Group's charter to expire and decided not to renew it.[9] W3C and WHATWG are currently working together on the development of HTML5.",
	"imageHref":"https://dl.dropboxusercontent.com/s/6cjtg8ove416ef7/html5.png?dl=0"
	},
	{
	"category":"Technologies",  
	"title":"CSS3",
	"url":"https://en.wikipedia.org/wiki/Cascading_Style_Sheets",
	"description":"Cascading Style Sheets (CSS) is a style sheet language used for describing the presentation of a document written in a markup language.[1] Although most often used to set the visual style of web pages and user interfaces written in HTML and XHTML, the language can be applied to any XML document, including plain XML, SVG and XUL, and is applicable to rendering in speech, or on other media. Along with HTML and JavaScript, CSS is a cornerstone technology used by most websites to create visually engaging webpages, user interfaces for web applications, and user interfaces for many mobile applications.",
	"imageHref":"https://dl.dropboxusercontent.com/s/w9wcd9ew05xtth5/css3.png?dl=0"
	},
	{
	"category":"Technologies",  
	"title":"Angular",
	"url":"https://angularjs.org/",
	"description":"AngularJS is a JavaScript-based open-source front-end web application framework mainly maintained by Google and by a community of individuals and corporations to address many of the challenges encountered in developing single-page applications. The JavaScript components complement Apache Cordova, the framework used for developing cross-platform mobile apps. It aims to simplify both the development and the testing of such applications by providing a framework for client-side model–view–controller (MVC) and model–view–viewmodel (MVVM) architectures, along with components commonly used in rich Internet applications. In 2014, the original AngularJS team began working on Angular (Application Platform)",
	"imageHref":"https://dl.dropboxusercontent.com/s/0rehvtpw7dlqstx/Angular.png?dl=0"
	},
	{
	"category":"Technologies",  
	"title":"JQuery",
	"url":"https://jquery.com/",
	"description":"jQuery is a fast, small, and feature-rich JavaScript library. It makes things like HTML document traversal and manipulation, event handling, animation, and Ajax much simpler with an easy-to-use API that works across a multitude of browsers.",
	"imageHref":"https://dl.dropboxusercontent.com/s/a1ucszgy8klkpzt/JQuery.png?dl=0"
	}
]
}


